"BoutNr","NStrides","Gaitspeed"
0,9,0.78073101102191
0,9,0.843925597694242
0,9,0.892869430336745
0,9,0.749960916993967
0,9,0.771787427797308
0,9,0.114028340044985
0,9,0.095878587057678
0,9,0.284184355952305
0,9,0.187022442747762
1,7,0.789007905523436
1,7,0.75987882587213
1,7,0.706603463179608
1,7,0.687819072621479
1,7,0.587016127221724
1,7,0.0846229768605716
1,7,0.229477273297221
2,5,0.80185750279991
2,5,0.786338309548894
2,5,0.754352025772574
2,5,0.74084229524328
2,5,0.00242412966827296
3,6,0.761455160823315
3,6,0.764515303312301
3,6,0.797960184915467
3,6,0.321494584266991
3,6,0.224359409536148
3,6,0.209025056721276
4,5,0.806233930101567
4,5,0.83664214782649
4,5,0.798504708150502
4,5,0.936421733086672
4,5,0.214081732565448
5,6,0.893128296607643
5,6,0.834996493603007
5,6,0.84024459839455
5,6,0.107482528842472
5,6,0.244302741983563
5,6,0.364348830589531
6,6,0.912528253857257
6,6,0.803654593387643
6,6,0.6880759379546
6,6,0.206550311721665
6,6,0.453883500644229
6,6,0.316621593534336
7,7,0.598801612364127
7,7,0.741114777277138
7,7,0.757801314820154
7,7,0.856643916116157
7,7,0.447101606942931
7,7,0.457052855192424
7,7,0.230697847258987
8,4,0.629609488772139
8,4,0.500418455291737
8,4,0.54515081310954
8,4,0.270304232886386
9,2,0.69909056445505
9,2,0.00171026168660681
10,9,0.680693858566957
10,9,0.662760923920428
10,9,0.582983739433746
10,9,0.571728862812468
10,9,0.469999680467441
10,9,0.396146871866885
10,9,0.16974531403787
10,9,0.142183159496093
10,9,0.414328924010018
11,5,0.5559782782778
11,5,0.543403339026446
11,5,0.505157264655215
11,5,0.508356858923456
11,5,0.291186524978968
12,6,0.860697664825107
12,6,0.870874635303685
12,6,0.804999308609271
12,6,0.77410419476153
12,6,0.818054348104507
12,6,1.02436041995386
13,2,0.711590117167989
13,2,0.00453264680184645
14,3,0.010207091750898
14,3,1.31511251506512
14,3,1.51951440000467
15,3,0.167900673829542
15,3,0.361759898291926
15,3,2.35140889924009
16,6,0.671545229068641
16,6,0.623365095234966
16,6,0.543693869219841
16,6,0.770039307554884
16,6,0.687394829945415
16,6,0.538251783411315
17,10,0.955401012432972
17,10,0.941011517492891
17,10,0.928757687236878
17,10,0.921968324639882
17,10,0.544988676796612
17,10,0.946867322210186
17,10,0.985034280293414
17,10,0.939024972650203
17,10,0.936410088119408
17,10,0.940965335767515
18,7,1.08093508719916
18,7,1.11953252307376
18,7,1.07680598173883
18,7,0.993560387667574
18,7,1.04299329036733
18,7,1.04553122731765
18,7,0.649000240372812
19,5,1.07039704937513
19,5,1.02206009095105
19,5,1.13512108880732
19,5,1.08442348872405
19,5,0.55139619223179
20,10,0.963446359180282
20,10,0.923966894129463
20,10,0.888095820676199
20,10,0.845548483313105
20,10,0.588178027539044
20,10,0.906408939136189
20,10,0.886511877497463
20,10,0.94872519488376
20,10,0.860412650078502
20,10,0.788034904949982
21,9,1.20635953585965
21,9,1.13622524936748
21,9,1.07190128131793
21,9,1.12044178196484
21,9,1.20198172313525
21,9,1.11890842251873
21,9,1.03725662790626
21,9,1.05421459524839
21,9,0.876260942300349
22,7,0.970386886832953
22,7,0.858531343664647
22,7,0.658856663092756
22,7,0.907022870964382
22,7,0.90940403195267
22,7,0.813596746894489
22,7,0.348198741017977
23,7,0.892559653411067
23,7,0.857972336327838
23,7,0.867842939334997
23,7,0.693600162161536
23,7,0.893455736394284
23,7,0.81685052327219
23,7,0.772048324900807
24,5,0.978664504689024
24,5,0.86387932605844
24,5,0.253236821486663
24,5,0.972547158425203
24,5,0.877425952131753
25,15,1.20558757193662
25,15,1.27379516461335
25,15,1.14682083628602
25,15,1.20966847604488
25,15,1.3144787237469
25,15,1.12188782715285
25,15,1.13398853095352
25,15,0.804715421499371
25,15,1.25702852098329
25,15,1.19590171702703
25,15,1.18633061384316
25,15,1.29415015549344
25,15,1.19858736019636
25,15,1.12418385073893
25,15,1.12620216134491
26,3,1.09700849400013
26,3,0.573600815647892
26,3,1.11252719729584
27,5,1.23557478603963
27,5,1.27618252740413
27,5,0.745493225979269
27,5,1.22215549613188
27,5,1.20120722235032
28,21,1.20652198373402
28,21,1.27430273985112
28,21,1.31669385929989
28,21,1.20602425243135
28,21,1.23349303949817
28,21,1.23938921990467
28,21,1.11711659700885
28,21,1.23885814939304
28,21,1.1839028776009
28,21,0.973132748149997
28,21,0.551704298859326
28,21,1.28307939787211
28,21,1.21254414220033
28,21,1.25972109665954
28,21,1.26686855946576
28,21,1.23838468152542
28,21,1.17022702609078
28,21,1.18471469689131
28,21,1.17946303109541
28,21,1.10740516340442
28,21,0.88521452909213
29,13,1.25706442319815
29,13,1.2138378027477
29,13,1.18406236852158
29,13,1.16741069559532
29,13,1.14734200480235
29,13,0.948498453912413
29,13,0.813222669633809
29,13,1.23269267101311
29,13,1.2411845052984
29,13,1.33926279220372
29,13,1.25976224366299
29,13,1.00551785899376
29,13,1.0387401224544
30,6,0.548267395477315
30,6,0.766420560494833
30,6,0.654061075854426
30,6,0.709613082251665
30,6,0.761936895097447
30,6,0.495363484364424
31,4,0.650013992943963
31,4,0.437554386632611
31,4,0.751702664747763
31,4,0.686982982257308
32,4,0.798769017670449
32,4,0.649910119162912
32,4,0.791370193568834
32,4,0.137315870748213
33,19,0.631878137431408
33,19,0.528152337458695
33,19,0.459180155999332
33,19,0.550448193319638
33,19,0.586095907208169
33,19,0.590031661994691
33,19,0.817638118255248
33,19,1.01497127746545
33,19,0.966814067802934
33,19,0.609133568513294
33,19,0.594599315868618
33,19,0.508679578085643
33,19,0.457694332917985
33,19,0.532238513380676
33,19,0.603804332380202
33,19,0.661629710765931
33,19,0.925512579719059
33,19,0.97986188913069
33,19,0.858523721096522
34,4,0.484905806576875
34,4,0.655868845934647
34,4,0.635340856546966
34,4,0.570626023751161
35,21,1.0457504996035
35,21,0.894615637348833
35,21,0.722538724088719
35,21,0.901445651533073
35,21,0.982446152214321
35,21,1.01795833921845
35,21,0.968195971767177
35,21,0.715072889386545
35,21,0.755940936542371
35,21,0.84628689213995
35,21,0.76379730755567
35,21,0.98132004022193
35,21,0.795884516870053
35,21,0.732344332643023
35,21,0.903261545905641
35,21,1.04475867946685
35,21,1.09505377991229
35,21,0.797545160195367
35,21,0.699732348951558
35,21,0.772645239617219
35,21,0.846392582038598
36,82,1.28373549243452
36,82,1.22523392798157
36,82,1.20055238857099
36,82,1.25162059782054
36,82,1.249342157078
36,82,1.15189518245853
36,82,1.15079738852161
36,82,1.18106292302858
36,82,1.16557210081764
36,82,1.1702672415
36,82,1.15430039470961
36,82,1.17249729868536
36,82,1.16937324174644
36,82,1.16721162055314
36,82,1.10819636997946
36,82,1.23257248849437
36,82,1.20582159401555
36,82,1.20609007597145
36,82,1.22231640750987
36,82,1.23091024557839
36,82,1.20737784262687
36,82,1.16686986445958
36,82,0.963680633713494
36,82,1.05205884986474
36,82,1.14034177887048
36,82,1.0702908542023
36,82,1.08811897072614
36,82,1.06253696745527
36,82,1.11583587439628
36,82,1.07071824320626
36,82,1.02292951286704
36,82,1.07113607264389
36,82,1.03383082107905
36,82,1.02023224005674
36,82,1.07890857593075
36,82,1.09650019199749
36,82,1.11091301124371
36,82,1.15938848416794
36,82,1.12308723003284
36,82,1.01595361754515
36,82,0.612525592293372
36,82,1.22198691393116
36,82,1.27636236590873
36,82,1.24431867013529
36,82,1.20933785904478
36,82,1.25556196356194
36,82,1.26716873717725
36,82,1.22551843509517
36,82,1.21571690840283
36,82,1.1659340065921
36,82,1.19382703146181
36,82,1.18458239918285
36,82,1.16558880794111
36,82,1.23611644521567
36,82,1.1561722514521
36,82,1.1900033560158
36,82,1.25726741285695
36,82,1.18644951911302
36,82,1.15292551281589
36,82,1.20335077166375
36,82,1.24664212452164
36,82,1.17990586126706
36,82,1.10367745342417
36,82,1.05803076879252
36,82,0.983428815201466
36,82,1.11858762943906
36,82,1.145588024723
36,82,1.21942197394637
36,82,1.12359498319042
36,82,1.09185708830592
36,82,1.07984985155106
36,82,1.03042085344503
36,82,1.12497193709964
36,82,1.11273625062062
36,82,1.0578245240519
36,82,1.11095960034405
36,82,1.15568625119653
36,82,1.14162743650303
36,82,1.12784055328729
36,82,1.15455415300894
36,82,1.09159809282975
36,82,1.03766946590484
37,118,1.07783605195796
37,118,0.954963069995799
37,118,0.913751453688807
37,118,1.04517044066961
37,118,1.12499480412565
37,118,1.17899946850989
37,118,1.14891835478756
37,118,1.1167491991633
37,118,1.19164402886071
37,118,1.14004083573302
37,118,1.18997572726676
37,118,1.15552380898757
37,118,1.1713552384503
37,118,1.23106299688293
37,118,1.24563653785559
37,118,1.19571608670593
37,118,1.19910740225971
37,118,1.06397976965478
37,118,1.10806603071078
37,118,1.09007962321945
37,118,1.05892717217952
37,118,1.17691026497128
37,118,1.22484247018389
37,118,1.25501397631535
37,118,1.2849189609233
37,118,1.43082808507917
37,118,1.35488946144975
37,118,1.23665901530637
37,118,1.22891958126617
37,118,1.23495280726114
37,118,1.13629499138232
37,118,1.0711460415831
37,118,1.03071953779917
37,118,1.10347925103546
37,118,1.15429595480406
37,118,1.13613092047633
37,118,1.16330273433938
37,118,1.16063819478469
37,118,1.14462487261395
37,118,1.07071434749105
37,118,1.1182059246843
37,118,1.11817685459936
37,118,1.10270622430112
37,118,1.09563394849441
37,118,1.14735133124965
37,118,1.07877024986457
37,118,1.08976798572325
37,118,1.07592014016713
37,118,1.05053180115472
37,118,1.12388333731472
37,118,1.13441107726839
37,118,1.1127782801503
37,118,1.10706437057782
37,118,1.18952220684089
37,118,1.14655607220906
37,118,1.14034891543883
37,118,1.13851429243353
37,118,1.08333656808994
37,118,1.07902963950804
37,118,0.998212875790305
37,118,1.00704142912774
37,118,1.04593282129515
37,118,1.09194994580013
37,118,1.1500577727082
37,118,1.13093550375894
37,118,1.17310160452201
37,118,1.15759756435324
37,118,1.1729567029954
37,118,1.19278969724424
37,118,1.13955995143691
37,118,1.11398725903122
37,118,1.14042901721928
37,118,1.25504654988046
37,118,1.20645034991331
37,118,1.14595577412577
37,118,1.07828383739415
37,118,1.06016919406471
37,118,0.979073107997344
37,118,1.1405922185074
37,118,1.091097745074
37,118,1.11037755252978
37,118,1.16814163745212
37,118,1.10453271414698
37,118,1.27713273920959
37,118,1.31771898403698
37,118,1.38220919822911
37,118,1.31517707748834
37,118,1.21705328960428
37,118,1.11717531625678
37,118,1.10948366700535
37,118,1.06491322733277
37,118,1.07803775854083
37,118,1.19634980721649
37,118,1.16268556952548
37,118,1.09559506342087
37,118,1.09396433589362
37,118,1.1194343022162
37,118,1.04412573197075
37,118,1.09758466681855
37,118,1.08890767616861
37,118,1.12089877228091
37,118,1.19540035732826
37,118,1.17656668281284
37,118,1.06895658073741
37,118,1.02403963496154
37,118,1.07593177176164
37,118,1.08600074692385
37,118,1.04506221214709
37,118,1.12435743962741
37,118,1.13612509185662
37,118,1.08925146256249
37,118,1.12018292604487
37,118,1.18436086978229
37,118,1.1615234633448
37,118,1.04624955539862
37,118,1.07352453004287
37,118,1.12189772175742
37,118,1.03948912449718
38,35,1.1509613317404
38,35,1.07959092481058
38,35,1.08374745546648
38,35,1.12573704840426
38,35,1.14224114437793
38,35,1.11739210090311
38,35,1.10884830814138
38,35,1.06935746199371
38,35,1.17252904388989
38,35,1.16166426762601
38,35,1.1161189429239
38,35,1.0959347383095
38,35,1.06170523880763
38,35,1.10852607921618
38,35,1.0712561754318
38,35,1.09608325801953
38,35,1.11096586042941
38,35,0.710253799898237
38,35,1.08377144319349
38,35,1.12525793458962
38,35,1.14235293666045
38,35,1.2227716421547
38,35,1.14162382565913
38,35,1.14952548212221
38,35,1.12845971544143
38,35,1.08056518574961
38,35,1.09008906962561
38,35,1.16203258190017
38,35,1.17547407943953
38,35,1.12962641881478
38,35,1.14171739129008
38,35,1.12543114438814
38,35,1.10606335606673
38,35,1.13119696105828
38,35,1.12139386440115
39,4,0.799432899695059
39,4,0.507295880706257
39,4,0.766976733931427
39,4,0.80302350321904
40,8,1.02109341417307
40,8,0.984281575993538
40,8,0.925791868335372
40,8,0.921971735976432
40,8,1.0169029019214
40,8,0.926217330906027
40,8,0.95869501158209
40,8,0.517359894004989
41,4,0.527802375778901
41,4,0.544423603108064
41,4,0.558913687733079
41,4,0.462728932790783
42,7,0.708135870506206
42,7,0.789312164005514
42,7,0.722219838033265
42,7,0.671933257386392
42,7,0.804020809247298
42,7,0.745977443950602
42,7,0.283291468490644
43,3,0.710255067463062
43,3,0.660222468627796
43,3,0.884856920650349
44,49,1.09778739621519
44,49,1.03422457139766
44,49,1.22430517406497
44,49,1.26517143524731
44,49,1.25208810685397
44,49,1.22579250601116
44,49,1.17821972506675
44,49,1.19374295512623
44,49,1.19051088146407
44,49,1.18670240036865
44,49,1.19242750111096
44,49,1.17710438124996
44,49,1.19655208071691
44,49,1.14439279269446
44,49,1.1946933031995
44,49,1.23534782373016
44,49,1.23327829380893
44,49,1.24786323027544
44,49,1.19720623396096
44,49,1.17142671853591
44,49,1.18567876905605
44,49,1.18398842134984
44,49,1.18712887613282
44,49,1.15902284014734
44,49,0.708685658373097
44,49,1.15275394721208
44,49,1.19755178254244
44,49,1.22115000123563
44,49,1.15669406161913
44,49,1.201880964576
44,49,1.20444849126616
44,49,1.18503703728627
44,49,1.22824001688099
44,49,1.1824830556998
44,49,1.17486255507746
44,49,1.15924906734061
44,49,1.19096167801267
44,49,1.24023750718296
44,49,1.12776647667232
44,49,1.1582133360835
44,49,1.24098605910854
44,49,1.22841712777514
44,49,1.22375052476187
44,49,1.15675833478135
44,49,1.12588734969593
44,49,1.21733430092567
44,49,1.22247996281482
44,49,1.18420629604205
44,49,1.2051796314739
45,78,1.18380971230505
45,78,1.18117368396353
45,78,1.15831823412499
45,78,1.18968939811591
45,78,1.19818712011024
45,78,1.24299668367457
45,78,1.2023792418638
45,78,1.17621974805627
45,78,1.20240471105317
45,78,1.25105519598845
45,78,1.25670153671349
45,78,1.18466596898361
45,78,1.19167851309834
45,78,1.19512285554495
45,78,1.12767275213444
45,78,1.19101199921159
45,78,1.18255033124521
45,78,1.20786365659172
45,78,1.1891349465263
45,78,1.26452809033263
45,78,1.20235421608473
45,78,1.26365118794197
45,78,1.35400816642267
45,78,1.27483030352472
45,78,1.19576150606859
45,78,1.15474269091974
45,78,1.12617225634144
45,78,1.2292361342322
45,78,1.19528391875066
45,78,1.11146199721889
45,78,1.14832405771258
45,78,1.15421394726263
45,78,1.18900770201594
45,78,1.18978604306008
45,78,1.20948705026776
45,78,1.18475101048035
45,78,1.21217027159159
45,78,1.19227448453157
45,78,0.270165221387334
45,78,1.19858298022742
45,78,1.18110797118294
45,78,1.20524251447423
45,78,1.18233254805847
45,78,1.1862252722283
45,78,1.29070244999853
45,78,1.23381598596056
45,78,1.20295887151409
45,78,1.2126001515952
45,78,1.25230722634631
45,78,1.31243721965423
45,78,1.23073791476961
45,78,1.28675308021047
45,78,1.20577741744916
45,78,1.22107114508513
45,78,1.17179235836472
45,78,1.21361621221137
45,78,1.17495457897648
45,78,1.21469796414733
45,78,1.20424502181716
45,78,1.17040976467404
45,78,1.13540582543067
45,78,1.27335722041978
45,78,1.18608047295729
45,78,1.20054640975308
45,78,1.17791025475715
45,78,1.14042615987837
45,78,1.2602556366892
45,78,1.21920266825388
45,78,1.15669903826734
45,78,1.18796618539817
45,78,1.08421883180728
45,78,1.11503791938006
45,78,1.18807916941091
45,78,1.2427552487008
45,78,1.32908517161844
45,78,1.20246767966296
45,78,1.20248661788357
45,78,1.16947107929958
46,4,0.974381390944453
46,4,0.495898441647513
46,4,1.00457242869989
46,4,0.861736005473753
47,16,0.795914686030208
47,16,0.775059379318123
47,16,0.327894432184443
47,16,0.281468222861914
47,16,0.466261759714599
47,16,0.491293680880676
47,16,0.643041146895122
47,16,0.482794948811457
47,16,0.746500277860451
47,16,0.898554467701924
47,16,0.636680023186185
47,16,0.327093523282467
47,16,0.277789369633975
47,16,0.46757327551652
47,16,0.606104912841105
47,16,0.715869333253213
48,6,0.953405174339052
48,6,0.954384829185471
48,6,0.631103203030084
48,6,0.939012830741418
48,6,0.939820340416056
48,6,0.864577885995338
49,2,0.611575069567215
49,2,0.00706593444476161
50,20,1.20580867575262
50,20,1.27041034832501
50,20,1.29422903602277
50,20,1.28566112428457
50,20,1.24030414630201
50,20,1.20944853065335
50,20,1.16271901585838
50,20,1.20982497731873
50,20,1.14469171157865
50,20,1.18493531748866
50,20,1.24457907531915
50,20,1.32639069184993
50,20,1.3029376261484
50,20,1.27988643819039
50,20,1.22128064887623
50,20,1.19512569311223
50,20,1.16496435338495
50,20,1.2398539443694
50,20,1.22236225856896
50,20,0.761025663939076
51,24,1.21316873725053
51,24,1.24520369375474
51,24,1.21315665485629
51,24,1.21927832306184
51,24,1.25635078569205
51,24,1.24727935319073
51,24,1.37172842161011
51,24,1.22870080131614
51,24,1.14876138612228
51,24,1.09119628531647
51,24,1.00912986363919
51,24,1.08121288085596
51,24,1.16180492684677
51,24,1.20829340933093
51,24,1.21624235907994
51,24,1.25345643839902
51,24,1.26059876940493
51,24,1.26586318532345
51,24,1.29609104398016
51,24,1.1617719891966
51,24,1.06714674907838
51,24,1.08610078872281
51,24,1.04834410145625
51,24,0.238934792142025
52,3,0.737549753848978
52,3,1.04835172066904
52,3,0.297098505843329
53,9,0.976096756239229
53,9,1.00504964732951
53,9,0.881518279107063
53,9,0.674501384476767
53,9,0.316923506938107
53,9,1.00999294992305
53,9,0.99739546823662
53,9,0.863989526629965
53,9,0.566951117934574
54,3,1.10966108262042
54,3,1.04822720349627
54,3,0.66612168035397
55,6,1.03217427833793
55,6,0.989149815505618
55,6,0.745246945699415
55,6,1.05974938985703
55,6,0.996722777066342
55,6,0.933876676670142
56,3,0.580821520656429
56,3,0.342457185322663
56,3,0.63230698805481
57,6,1.13540407089874
57,6,0.959703686675797
57,6,0.545705968178022
57,6,1.11284397561078
57,6,1.08427447565714
57,6,1.02505194210577
58,3,1.16781268583379
58,3,1.15647724159839
58,3,0.647461129198435
59,3,0.884250520495859
59,3,0.85670734102647
59,3,0.275520487135333
60,3,1.07914385293996
60,3,1.10899956969227
60,3,0.670965113279397
61,3,0.695595244233747
61,3,0.808242357324211
61,3,0.344596469051628
62,3,0.911356999073585
62,3,1.12419079169783
62,3,0.315416676935113
63,13,1.14430406274365
63,13,1.15331971396057
63,13,1.19244910542486
63,13,1.16882157397247
63,13,1.10354717874269
63,13,0.974136049327706
63,13,1.17634003150414
63,13,1.15354252959636
63,13,1.15604937105115
63,13,1.12735128147379
63,13,1.07241170377152
63,13,1.00155610104769
63,13,0.503520858869929
64,4,0.790491526615757
64,4,0.42541476695364
64,4,0.857914567177463
64,4,0.767362757093016
65,3,1.04478912567276
65,3,0.652031637979544
65,3,1.02717217781771
66,4,0.979400267328732
66,4,0.951980609334112
66,4,0.902742341196134
66,4,0.479520501387512
67,7,1.09779971314111
67,7,1.17575211501511
67,7,1.22417228513643
67,7,0.658640930019946
67,7,1.22112230992859
67,7,1.1507593637972
67,7,1.15477255554378
68,4,0.911454845259974
68,4,0.481121634451626
68,4,0.86449809499111
68,4,0.916736719703062
69,6,1.0147310400357
69,6,1.01980036248188
69,6,0.568933126432776
69,6,0.998680085874241
69,6,0.985265321161162
69,6,0.999018510309394
70,6,0.870875220440281
70,6,0.696854087693382
70,6,0.472861884736573
70,6,0.741255788930587
70,6,0.86408976745358
70,6,0.620105752370824
71,8,0.44429841657178
71,8,0.457435828149618
71,8,0.796323647867146
71,8,0.862033439718244
71,8,0.496279414433576
71,8,1.01520249495605
71,8,0.916247546519318
71,8,0.829337666664146
72,3,0.994179368893399
72,3,0.259048777163047
72,3,1.00075257153423
73,4,1.07056462124106
73,4,0.689149939677996
73,4,1.06713296362141
73,4,1.07355446933788
74,5,1.18120745638056
74,5,1.14070720566312
74,5,0.698982334134736
74,5,1.20929096161935
74,5,1.20499987419682
75,6,0.913828516889361
75,6,0.775740412866277
75,6,0.485833658347503
75,6,0.850105866144429
75,6,0.643667911031021
75,6,0.342428627415324
76,4,1.09337733524552
76,4,0.608220529209379
76,4,1.03652765525951
76,4,0.950326849154344
77,5,0.873901366596339
77,5,0.879840668679743
77,5,0.428329939614527
77,5,0.901767648411866
77,5,0.862048706168647
78,6,1.14652401320336
78,6,1.06300599447053
78,6,0.59163102449102
78,6,1.14465729986628
78,6,1.12093528915263
78,6,1.06028668259185
79,6,1.13731641277919
79,6,1.09987975619452
79,6,1.08866851743932
79,6,1.15229543731933
79,6,1.14937841976602
79,6,0.747530615910577
80,8,1.03224970857269
80,8,0.914450255381119
80,8,0.772042651777841
80,8,0.25450437413493
80,8,1.08965241737337
80,8,0.96883104425088
80,8,0.901031202373138
80,8,0.789998748431298
81,4,0.816656128375626
81,4,0.8024440606228
81,4,0.724443430788296
81,4,0.448727056869823
82,10,1.93817538155797
82,10,1.97119787798796
82,10,1.72256424707834
82,10,1.81078415553745
82,10,1.96631010775024
82,10,0.303270340465106
82,10,0.328636295218685
82,10,0.282401764304786
82,10,0.177655985920354
82,10,0.245580758136158
83,2,1.92995810448775
83,2,0.720556946881652
84,4,1.45067345662872
84,4,1.2195837897932
84,4,0.397187852945364
84,4,0.474842661847695
85,4,1.54260660060826
85,4,1.36391858694672
85,4,0.504466149901359
85,4,0.508842029364915
86,7,1.39811520576285
86,7,1.09562623177313
86,7,1.29897520537192
86,7,1.04850908383205
86,7,0.441886627576867
86,7,0.454240611834041
86,7,0.442887453073485
87,3,0.866694522606423
87,3,1.4942220460998
87,3,0.00910836422770633
88,6,1.1113229122109
88,6,1.11182858311902
88,6,1.12364911429222
88,6,0.13411533978346
88,6,0.335086014271356
88,6,0.376324156693829
89,5,1.00717695384337
89,5,0.575391869712018
89,5,1.16561351591182
89,5,0.513221223645594
89,5,0.064678611181737
90,2,0.00895407160569631
90,2,0.385828627226438
91,3,1.45401347736523
91,3,0.993907689057406
91,3,0.00610401915043712
92,9,1.06951282737479
92,9,1.39904805916887
92,9,1.25777569262241
92,9,0.851091727189737
92,9,0.310621176850279
92,9,0.425919356532734
92,9,0.499923934559628
92,9,0.478178444773918
92,9,0.263706402875489
93,47,1.22860742346831
93,47,1.34475971296503
93,47,1.2554940925389
93,47,1.62267428855179
93,47,1.61765005278142
93,47,1.12380765564611
93,47,1.51484078082119
93,47,1.49332533432103
93,47,1.27283785167027
93,47,0.837064252749588
93,47,0.846157878641161
93,47,1.58219702827975
93,47,1.69030229433969
93,47,0.980045251283602
93,47,1.49535060260565
93,47,1.10071827990711
93,47,1.05497964720373
93,47,1.19293414596599
93,47,1.05067894622195
93,47,1.42577910106366
93,47,1.49061136262531
93,47,1.3234463322152
93,47,1.44557553098049
93,47,0.922239904646047
93,47,1.5642722807391
93,47,0.778760105038027
93,47,0.729753407052445
93,47,0.919240930358315
93,47,1.50858954566102
93,47,1.5570987944431
93,47,1.02948620511591
93,47,0.740439455087244
93,47,1.40836187975972
93,47,1.52638765244039
93,47,0.975821762576604
93,47,0.0670406446447808
93,47,0.0754240437668628
93,47,0.206775430354293
93,47,0.0598691817620243
93,47,0.0623376719790078
93,47,0.133860939550212
93,47,0.22258063712813
93,47,0.241722419478437
93,47,0.209919697214343
93,47,0.0624413543619544
93,47,0.330230023444683
93,47,0.108765768815016
94,52,1.60399499307351
94,52,0.976664349774444
94,52,1.12847257579187
94,52,1.71556896838265
94,52,1.24099261607713
94,52,1.10481637124919
94,52,1.26339648426548
94,52,0.833032385712853
94,52,1.348023476126
94,52,0.54562978065595
94,52,0.540726271766185
94,52,1.1922118299692
94,52,1.49961913303624
94,52,0.986289352844042
94,52,1.51629056920582
94,52,0.962841690624432
94,52,0.849292186671282
94,52,0.793635704294003
94,52,1.12437665613271
94,52,0.928689743133304
94,52,1.07215122738944
94,52,1.13968951757157
94,52,1.31382361905971
94,52,1.18097845412313
94,52,0.514863590039018
94,52,1.30387718328941
94,52,0.921738033925394
94,52,1.45287983245985
94,52,1.38690271404392
94,52,1.23436053927322
94,52,1.62062539945122
94,52,1.27750448862553
94,52,0.910344957897327
94,52,1.13216060396961
94,52,0.846132142815888
94,52,0.594196675659479
94,52,0.896107142273018
94,52,1.13303030434366
94,52,0.513288112074095
94,52,0.0962811717243652
94,52,0.202443858020379
94,52,0.12132765136667
94,52,0.187342168183998
94,52,0.232047375532743
94,52,0.0692570180562202
94,52,0.211784770572003
94,52,0.0453930625904316
94,52,0.196573004390018
94,52,0.0887435221317387
94,52,0.183999434130876
94,52,0.0699345413009221
94,52,0.398846586631869
95,48,1.60154153944608
95,48,1.5068274273947
95,48,0.912426144214223
95,48,0.77805285533103
95,48,1.04919108351164
95,48,1.48892534853157
95,48,1.04525482672915
95,48,0.48953621929614
95,48,0.755963480604874
95,48,0.844507457149578
95,48,1.3869719910226
95,48,1.31803855964239
95,48,1.52142586092351
95,48,0.505468198803566
95,48,0.849524687372341
95,48,1.45257877412901
95,48,1.53513156137401
95,48,1.27751446454091
95,48,0.801808212866593
95,48,0.466724622647217
95,48,1.55042157223679
95,48,0.847883317498205
95,48,1.27368481284098
95,48,0.295897497659205
95,48,0.295329550281139
95,48,0.33626848692615
95,48,0.272046554585736
95,48,0.339751984018301
95,48,0.180949654639726
95,48,0.348703631848695
95,48,0.455061971525595
95,48,0.508377988413613
95,48,0.235995645928311
95,48,0.335789359377707
95,48,0.36567641524329
95,48,0.234029544638202
95,48,0.461582498624841
95,48,0.399926046190382
95,48,0.524528149754213
95,48,0.39727563499185
95,48,0.426559459557481
95,48,0.43853880914588
95,48,0.440633949393451
95,48,0.431045262681552
95,48,0.413338131317556
95,48,0.401597067941119
95,48,0.469037383778261
95,48,0.457503195138022
96,2,0.00471218928755472
96,2,0.43569491098043
97,2,0.00352846088610758
97,2,0.389465199586889
98,3,0.0021142487715109
98,3,0.409008035368622
98,3,0.447177746663154
99,2,0.286136003064963
99,2,0.38429484700867
100,63,0.545041453064734
100,63,0.561352972937232
100,63,0.23360134630634
100,63,0.353425479928743
100,63,0.661501038488608
100,63,0.347534218452575
100,63,0.635827930716553
100,63,0.445394203743702
100,63,0.250379999801816
100,63,0.707960853828949
100,63,0.343493515402716
100,63,0.550997457773251
100,63,0.521922775931564
100,63,0.677346868639648
100,63,0.546489166450185
100,63,0.368533607762911
100,63,0.675279190176322
100,63,0.333321800987473
100,63,0.574019762129604
100,63,0.438662942293727
100,63,0.729859119789701
100,63,0.257332936338326
100,63,0.320433747124558
100,63,0.443606379883057
100,63,0.438547731962457
100,63,0.464155464178153
100,63,0.423864011034741
100,63,0.703366633028765
100,63,0.518911815978143
100,63,0.415573602692668
100,63,0.49218189192292
100,63,0.523359465476917
100,63,0.494642983587668
100,63,0.551958106491078
100,63,0.426818202641306
100,63,0.415226926670713
100,63,0.352279313635286
100,63,0.351842294531023
100,63,0.502371661513209
100,63,0.473518993681379
100,63,0.496497511276491
100,63,0.394683917791478
100,63,0.438203236877297
100,63,0.486217271175315
100,63,0.551526669023732
100,63,0.440537981348675
100,63,0.463787071788048
100,63,0.605982399686951
100,63,0.682758784714122
100,63,0.450216284095602
100,63,0.534867351209426
100,63,0.735867310091734
100,63,0.56596961017913
100,63,0.462752548718611
100,63,0.469833948940578
100,63,0.502080068835484
100,63,0.280062075281247
100,63,0.268499591789108
100,63,0.329542998170175
100,63,0.377620779851306
100,63,0.50122390058687
100,63,0.44571455840842
100,63,0.471555379066831
101,3,0.220218709853875
101,3,0.268962056950026
101,3,0.481340046534286
102,114,0.3459046695151
102,114,0.436470806982955
102,114,0.363779774103645
102,114,0.712440701721148
102,114,0.382352713410249
102,114,0.391105430327832
102,114,0.546029922030086
102,114,0.845815914572959
102,114,0.599803641573709
102,114,0.39093667011592
102,114,0.440820518885377
102,114,0.40775651258167
102,114,0.520969426651036
102,114,0.461388746245584
102,114,0.560598027715611
102,114,0.699130818668402
102,114,0.62855029161274
102,114,0.538821711272736
102,114,0.223651671983433
102,114,0.416701280342359
102,114,0.428418168720522
102,114,0.910820282421485
102,114,0.210474846928524
102,114,0.336948015355838
102,114,0.670851891623589
102,114,0.758708263563379
102,114,0.803286987462538
102,114,0.932976848066386
102,114,0.710086591511861
102,114,0.894048495241978
102,114,0.649003549304919
102,114,0.674683833416994
102,114,0.653644120117821
102,114,0.428774146343328
102,114,0.775928635524503
102,114,0.666321241364451
102,114,0.789424123000826
102,114,0.562748170704656
102,114,0.310284991419905
102,114,0.651157158213105
102,114,0.971788552837609
102,114,0.847291939964677
102,114,0.643395639973003
102,114,0.831718043909901
102,114,0.755548720230259
102,114,0.648105420574072
102,114,0.480186678767034
102,114,0.906570896260809
102,114,0.946002287535666
102,114,0.884761529191562
102,114,0.376355521355968
102,114,0.490483659918767
102,114,0.29695669751277
102,114,0.573400805249367
102,114,0.479838730422386
102,114,0.443825230931773
102,114,0.612805612887832
102,114,0.421598939982599
102,114,0.546988370325732
102,114,0.75731509031691
102,114,0.53953765513458
102,114,0.738804436290243
102,114,0.450102367931246
102,114,0.457629299464634
102,114,0.501480049592364
102,114,0.422833461529667
102,114,0.461703857908774
102,114,0.491879597319679
102,114,0.527993021929815
102,114,0.462384411706456
102,114,0.349361583807425
102,114,0.419656039263167
102,114,0.554495146452593
102,114,0.532678722247409
102,114,0.486124431031523
102,114,0.436346391463751
102,114,0.432312361309244
102,114,0.656585540725672
102,114,0.793844748688344
102,114,0.77724468095939
102,114,0.7720333930145
102,114,0.398711816626043
102,114,0.414495669461784
102,114,0.578510379893623
102,114,0.253309685945795
102,114,0.194653937177043
102,114,0.552571819363204
102,114,0.621778872800248
102,114,0.502120609017404
102,114,0.519692786813471
102,114,0.420247887135596
102,114,0.490992957195063
102,114,0.446270028196704
102,114,0.452237960180514
102,114,0.557492320656687
102,114,0.608347335609865
102,114,0.490589112593895
102,114,0.45835143664205
102,114,0.646804019516884
102,114,0.678793676399768
102,114,0.522897371722343
102,114,0.625335829486243
102,114,0.645889487011368
102,114,0.491837617359273
102,114,0.463983309669999
102,114,0.442522144023504
102,114,0.728442549242086
102,114,0.482219763868998
102,114,0.582428402867197
102,114,0.664285581467812
102,114,0.687937603711192
102,114,0.658156938072503
102,114,0.467449142107089
102,114,0.581902056907105
103,22,0.269077280093533
103,22,0.497160494824791
103,22,0.641558061400253
103,22,0.69869350730191
103,22,0.463383126392215
103,22,0.835634198771121
103,22,0.343170756975406
103,22,0.523659128845776
103,22,0.626099180979839
103,22,0.675203658063759
103,22,0.544026261655359
103,22,0.702842355093577
103,22,0.488489722095634
103,22,0.576845972076733
103,22,0.459700252904175
103,22,0.439171842794451
103,22,0.459653176323205
103,22,0.40625704334984
103,22,0.391375140030593
103,22,0.44130240977858
103,22,0.361014240193045
103,22,0.600713987807411
104,37,0.667674453040323
104,37,0.69579153807296
104,37,0.488012248396476
104,37,0.508503582065851
104,37,0.85380234482643
104,37,0.827356139600291
104,37,0.484276132696781
104,37,0.512495973337118
104,37,0.50120784026096
104,37,0.546099562094694
104,37,0.599656948032519
104,37,0.629971720288352
104,37,0.518429687577132
104,37,0.371554990882591
104,37,0.303579659174941
104,37,0.624138470159248
104,37,0.394814137304363
104,37,0.58459926932545
104,37,0.590107871917536
104,37,0.371117643829758
104,37,0.410939924097333
104,37,0.507832788669441
104,37,0.772766652236953
104,37,0.511051966751848
104,37,0.654645665031495
104,37,0.573162166114877
104,37,0.464765272051683
104,37,0.348059450329741
104,37,0.272167935881411
104,37,0.395581729199859
104,37,0.469062502157149
104,37,0.413654206365252
104,37,0.402323807885111
104,37,0.694112712563858
104,37,0.475343353334832
104,37,0.419588808444604
104,37,0.588135978854872
